{
    "id": "Chunk_1_-1",
    "coord": [
        1,
        -1
    ],
    "heightFormat": "float32-le",
    "heightOrder": "z-major: heights[z * gridWidth + x]",
    "origin": [
        49.99998474121094,
        4.0531158447265625e-06,
        -150.00003051757812
    ],
    "gridWidth": 191,
    "gridDepth": 181,
    "cellSizeX": 9.999999996068709e-06,
    "cellSizeZ": 3.000000000952241e-05,
    "bounds": {
        "min": [
            49.99998474121094,
            4.0531158447265625e-06,
            -150.00003051757812
        ],
        "max": [
            150.00001525878906,
            10.132003784179688,
            -49.99998474121094
        ]
    }
}