{
    "id": "Chunk_0_0",
    "coord": [
        0,
        0
    ],
    "heightFormat": "float32-le",
    "heightOrder": "z-major: heights[z * gridWidth + x]",
    "origin": [
        -50.00006103515625,
        -21.434429168701172,
        -50.0
    ],
    "gridWidth": 101,
    "gridDepth": 101,
    "bounds": {
        "min": [
            -50.00006103515625,
            -21.434429168701172,
            -50.0
        ],
        "max": [
            50.0,
            10.131999969482422,
            50.0
        ]
    }
}