{
    "id": "Chunk_1_-1",
    "coord": [
        1,
        -1
    ],
    "heightFormat": "float32-le",
    "heightOrder": "z-major: heights[z * gridWidth + x]",
    "origin": [
        50.00454330444336,
        4.0545855881646276e-06,
        -149.99546813964844
    ],
    "gridWidth": 201,
    "gridDepth": 201,
    "bounds": {
        "min": [
            50.00454330444336,
            4.0545855881646276e-06,
            -149.99546813964844
        ],
        "max": [
            149.99545288085938,
            10.132091522216797,
            -50.00454330444336
        ]
    }
}