{
    "id": "Chunk_1_0",
    "coord": [
        1,
        0
    ],
    "heightFormat": "float32-le",
    "heightOrder": "z-major: heights[z * gridWidth + x]",
    "origin": [
        50.0,
        4.0531158447265625e-06,
        -50.00001525878906
    ],
    "gridWidth": 173,
    "gridDepth": 183,
    "cellSizeX": 1.0000000003174137e-05,
    "cellSizeZ": 9.999999996068709e-06,
    "bounds": {
        "min": [
            50.0,
            4.0531158447265625e-06,
            -50.00001525878906
        ],
        "max": [
            150.00003051757812,
            10.132003784179688,
            50.00001525878906
        ]
    }
}