{
    "id": "Chunk_1_1",
    "coord": [
        1,
        1
    ],
    "heightFormat": "float32-le",
    "heightOrder": "z-major: heights[z * gridWidth + x]",
    "origin": [
        50.00477600097656,
        4.054090823046863e-06,
        50.00477600097656
    ],
    "gridWidth": 201,
    "gridDepth": 201,
    "bounds": {
        "min": [
            50.00477600097656,
            4.054090823046863e-06,
            50.00477600097656
        ],
        "max": [
            149.99522399902344,
            4.529493708105292e-06,
            149.9952392578125
        ]
    }
}