{
    "id": "Chunk_1_0",
    "coord": [
        1,
        0
    ],
    "heightFormat": "float32-le",
    "heightOrder": "z-major: heights[z * gridWidth + x]",
    "origin": [
        50.00537872314453,
        4.054042165080318e-06,
        -49.99467086791992
    ],
    "gridWidth": 201,
    "gridDepth": 201,
    "bounds": {
        "min": [
            50.00537872314453,
            4.054042165080318e-06,
            -49.99467086791992
        ],
        "max": [
            149.99465942382812,
            10.131925582885742,
            49.99463653564453
        ]
    }
}