{
    "id": "Chunk_-1_-1",
    "coord": [
        -1,
        -1
    ],
    "heightFormat": "float32-le",
    "heightOrder": "z-major: heights[z * gridWidth + x]",
    "origin": [
        -150.00001525878906,
        4.0531158447265625e-06,
        -150.00003051757812
    ],
    "gridWidth": 101,
    "gridDepth": 101,
    "bounds": {
        "min": [
            -150.00001525878906,
            4.0531158447265625e-06,
            -150.00003051757812
        ],
        "max": [
            -49.99998474121094,
            4.5299530029296875e-06,
            -49.99998474121094
        ]
    }
}