{
    "id": "Chunk_0_0",
    "coord": [
        0,
        0
    ],
    "heightFormat": "float32-le",
    "heightOrder": "z-major: heights[z * gridWidth + x]",
    "origin": [
        -49.99663162231445,
        -21.432960510253906,
        -49.99661636352539
    ],
    "gridWidth": 201,
    "gridDepth": 201,
    "bounds": {
        "min": [
            -49.99663162231445,
            -21.432960510253906,
            -49.99661636352539
        ],
        "max": [
            49.99658203125,
            10.131307601928711,
            49.9965705871582
        ]
    }
}