{
    "id": "Chunk_-1_-1",
    "coord": [
        -1,
        -1
    ],
    "heightFormat": "float32-le",
    "heightOrder": "z-major: heights[z * gridWidth + x]",
    "origin": [
        -149.9952392578125,
        4.052728854730958e-06,
        -149.9952392578125
    ],
    "gridWidth": 201,
    "gridDepth": 201,
    "bounds": {
        "min": [
            -149.9952392578125,
            4.052728854730958e-06,
            -149.9952392578125
        ],
        "max": [
            -50.0047607421875,
            4.529493708105292e-06,
            -50.0047607421875
        ]
    }
}