{
    "id": "Chunk_0_1",
    "coord": [
        0,
        1
    ],
    "heightFormat": "float32-le",
    "heightOrder": "z-major: heights[z * gridWidth + x]",
    "origin": [
        -50.00000762939453,
        -2.261467456817627,
        49.999961853027344
    ],
    "gridWidth": 251,
    "gridDepth": 216,
    "cellSizeX": 1.0000000003174137e-05,
    "cellSizeZ": 9.999999996068709e-06,
    "bounds": {
        "min": [
            -50.00000762939453,
            -2.261467456817627,
            49.999961853027344
        ],
        "max": [
            50.000038146972656,
            4.62531852722168,
            150.0
        ]
    }
}