{
    "id": "Chunk_0_-1",
    "coord": [
        0,
        -1
    ],
    "heightFormat": "float32-le",
    "heightOrder": "z-major: heights[z * gridWidth + x]",
    "origin": [
        -49.995445251464844,
        -21.434600830078125,
        -149.99546813964844
    ],
    "gridWidth": 201,
    "gridDepth": 201,
    "bounds": {
        "min": [
            -49.995445251464844,
            -21.434600830078125,
            -149.99546813964844
        ],
        "max": [
            49.995445251464844,
            10.131070137023926,
            -50.00457000732422
        ]
    }
}