{
    "id": "Chunk_-1_0",
    "coord": [
        -1,
        0
    ],
    "heightFormat": "float32-le",
    "heightOrder": "z-major: heights[z * gridWidth + x]",
    "origin": [
        -149.99530029296875,
        -2.2612969875335693,
        -49.99523162841797
    ],
    "gridWidth": 201,
    "gridDepth": 201,
    "bounds": {
        "min": [
            -149.99530029296875,
            -2.2612969875335693,
            -49.99523162841797
        ],
        "max": [
            -50.00476837158203,
            4.6250152587890625,
            49.99530029296875
        ]
    }
}