{
    "id": "Chunk_0_-1",
    "coord": [
        0,
        -1
    ],
    "heightFormat": "float32-le",
    "heightOrder": "z-major: heights[z * gridWidth + x]",
    "origin": [
        -50.00003433227539,
        -21.434425354003906,
        -150.00006103515625
    ],
    "gridWidth": 347,
    "gridDepth": 306,
    "cellSizeX": 1.0000000003174137e-05,
    "cellSizeZ": 2.99999999811007e-05,
    "bounds": {
        "min": [
            -50.00003433227539,
            -21.434425354003906,
            -150.00006103515625
        ],
        "max": [
            50.00003433227539,
            10.131999969482422,
            -49.99998092651367
        ]
    }
}