{
    "id": "Chunk_0_1",
    "coord": [
        0,
        1
    ],
    "heightFormat": "float32-le",
    "heightOrder": "z-major: heights[z * gridWidth + x]",
    "origin": [
        -49.996089935302734,
        -2.2615160942077637,
        50.00387954711914
    ],
    "gridWidth": 201,
    "gridDepth": 201,
    "bounds": {
        "min": [
            -49.996089935302734,
            -2.2615160942077637,
            50.00387954711914
        ],
        "max": [
            49.99612045288086,
            4.625417709350586,
            149.99609375
        ]
    }
}