{
    "id": "Chunk_-1_1",
    "coord": [
        -1,
        1
    ],
    "heightFormat": "float32-le",
    "heightOrder": "z-major: heights[z * gridWidth + x]",
    "origin": [
        -149.99520874023438,
        -2.261476516723633,
        50.004791259765625
    ],
    "gridWidth": 201,
    "gridDepth": 201,
    "bounds": {
        "min": [
            -149.99520874023438,
            -2.261476516723633,
            50.004791259765625
        ],
        "max": [
            -50.004791259765625,
            4.625336647033691,
            149.99520874023438
        ]
    }
}