{
    "id": "Chunk_-1_0",
    "coord": [
        -1,
        0
    ],
    "heightFormat": "float32-le",
    "heightOrder": "z-major: heights[z * gridWidth + x]",
    "origin": [
        -150.00006103515625,
        -2.2614669799804688,
        -50.0
    ],
    "gridWidth": 321,
    "gridDepth": 350,
    "cellSizeX": 1.0000000003174137e-05,
    "cellSizeZ": 1.0000000003174137e-05,
    "bounds": {
        "min": [
            -150.00006103515625,
            -2.2614669799804688,
            -50.0
        ],
        "max": [
            -50.0,
            4.625317573547363,
            50.00006866455078
        ]
    }
}